ville,dpt,lon,lat,code
Ablon,14600,0.3,49.4,qiihRZ
Agde,34300,3.46667,43.3167,VyevfY
Agon-Coutainville,50230,-1.575,49.0417,Ieumug
Aigues-Mortes,30220,4.19167,43.5667,UVBvkQ
Ajaccio,20000,8.7364,41.9256,JsWuWo
Alata,20167,8.74306,41.977,pqurDH
Albitreccia,20128,8.94195,41.8628,rLLoXd
Aléria,20270,9.51306,42.1142,aryXOv
Algajola,20220,8.86223,42.6078,qBZvct
Ambleteuse,62164,1.6,50.8,ourjna
Ambon,56190,-2.56667,47.55,jPTjBu
Amfreville,14860,-0.233333,49.25,AcVrZE
Amfreville,50480,-1.38333,49.4167,GCpxsg
Andernos-les-Bains,33510,-1.1,44.7429,bDvaKc
Anglet,64600,-1.53333,43.4833,jxmeYp
Angoulins,17690,0.890001,46.1042,bOECxs
Anneville-sur-Mer,50560,-1.58333,49.1167,GmayNT
Annoville,50660,-1.53333,48.9667,dyljhd
Anse-Bertrand,97121,16.4714,-61.5099,YlrFnE
Antibes,6600,7.11667,43.5833,FElwBB
Appietto,20167,8.76806,42.0139,ZrJfca
Arcachon,33120,-1.16355,44.6589,CSnVhD
Aregno,20220,8.89445,42.5812,iibARO
Arès,33740,-1.1394,44.7671,jBdtcY
Argelès-sur-Mer,66700,3.01667,42.55,iWxPHU
Argol,29560,-4.31667,48.25,fByNRZ
Arles,13104,4.63333,43.6667,svfwGa
Arradon,56610,-2.83333,47.6333,vRBXSG
Arromanches-les-Bains,14117,-0.616667,49.3333,HriEbk
Ars-en-Ré,17590,-1.51667,46.2083,OrdUAZ
Arvert,17530,-1.13333,45.7333,iHAnqq
Arzon,56640,-2.9,47.55,mQXgRU
Asnelles,14960,-0.583333,49.3333,CBJsLV
Assérac,44410,-2.38333,47.4333,mzHATU
Auberville,14640,-0.033333,49.3167,ReJBSj
Audenge,33980,-1,44.6833,IjVBVd
Auderville,50440,-1.93104,49.7136,KlJibv
Audierne,29770,-4.53333,48.0167,JyUALc
Audinghen,62179,1.6,50.85,fzihMD
Audouville-la-Hubert,50480,-1.23333,49.4167,uRmhFf
Audresselles,62164,1.58333,50.8167,kdVxod
Ault,80460,1.45,50.1,PwWXCD
Aumeville-Lestre,50630,-1.31667,49.5333,JrqrVp
Auray,56400,-2.98333,47.6667,RySaHl
Avranches,50300,-1.36667,48.6833,TjrnHu
Awala-Yalimapo,97319,5.73369,-53.9042,ZxArLJ
Aytré,17440,-1.1,46.1333,HwfWbZ
Baden,56870,-2.91667,47.6167,PlFPZQ
Bages,11100,2.99111,43.1234,PwAnMw
Bages,66670,2.89695,42.6059,ilvNvQ
Baie-Mahault,97122,16.2576,-61.5883,AhDsxe
Baillif,97123,16.025,-61.7287,YCVDLe
Balaruc-le-Vieux,34540,3.68333,43.45,doDKfL
Balaruc-les-Bains,34540,3.66667,43.4333,NwZuzg
Bandol,83150,5.75,43.1333,PvvOEo
Bangor,56360,-3.189,47.3167,lOzrwC
Banyuls-sur-Mer,66650,3.13333,42.4833,mEAwwS
Barbâtre,85630,-2.18333,46.95,hswFDN
Barfleur,50760,-1.25,49.6667,fyKOsH
Barneville-Carteret,50270,0.247223,49.3812,wWmCIg
Barrettali,20228,9.35529,42.877,Woyfny
Basse-Pointe,97218,14.8527,-61.1278,hUXVLo
Basse-Terre,97100,16.0015,-61.7183,sDhMiJ
Bastia,20200,9.44945,42.7,PXclsM
Batz-sur-Mer,44740,-2.48333,47.2833,GzRjxl
Baubigny,21340,4.68333,46.9667,dDCIgY
Baubigny,50270,-1.8,49.4333,pfxnIL
Beaulieu-sur-Mer,6310,7.33333,43.7,TSVKkY
Beaumont-Hague,50440,-1.85,49.6667,hMRNtK
Beauvoir,50170,-1.5,48.6,xMmPTu
Beauvoir,60120,2.33333,49.6,HqnviD
Beauvoir,77390,2.86667,48.6333,vrQbpk
Beauvoir,89240,3.36667,47.8,rDrbfR
Beauvoir-sur-Mer,85230,-2.05,46.9167,ZZTboC
Belgodère,20226,9.01779,42.5856,gnRzFg
Bellefontaine,39400,6.06667,46.55,ACPuWS
Bellefontaine,50520,-0.966667,48.6833,UYTese
Bellefontaine,88370,6.45,48.0167,mcOdVo
Bellefontaine,95270,2.46667,49.1,KfoiFG
Bellefontaine,97222,14.6508,-61.1287,IcGiVn
Belleville-sur-Mer,76370,1.16667,49.95,TwVHyS
Belvédère-Campomoro,20110,8.81501,41.6278,HAVipg
Belz,56550,-3.16667,47.6833,CgouwS
Benerville-sur-Mer,14910,0.033333,49.35,MjLWVz
Bénodet,29950,-4.11667,47.8667,DXjQCE
Bénouville,14970,-0.283333,49.25,tAtTdH
Bénouville,76790,0.25,49.7167,BEqRkj
Berck,62600,1.59278,50.4084,IUkOCo
Berneval-le-Grand,76370,1.18333,49.9667,fPAZxP
Bernières-sur-Mer,14990,-0.416667,49.3333,fTgOju
Beuzec-Cap-Sizun,29790,-4.51667,48.0833,aTRvqo
Biarritz,64200,-1.56667,43.4833,yBlyYh
Bidart,64210,-1.58333,43.4333,AKwUmG
Biganos,33380,-0.983333,44.65,MIrwpr
Biguglia,20620,9.42001,42.627,lAbkXd
Billiers,56190,-2.48333,47.5333,LfNSNh
Binic,22520,-2.83333,48.6,EyHKTp
Biscarrosse,40600,-1.16667,44.3917,xJVUCI
Biville,50440,-1.81667,49.6167,WbwViE
Biville-sur-Mer,76630,1.26667,49.9833,fSKQCv
Blainville-sur-Mer,50560,-1.58333,49.0667,wSwlqD
Blonville-sur-Mer,14910,0.033333,49.3167,gcAPfk
Boismont,54620,5.73333,49.4,kLKwyC
Boismont,80230,1.68333,50.15,REUpSO
Bonifacio,20169,9.16056,41.3881,bYotSU
Bono,56400,1.04917,47.6403,YPdVzH
Borgo,20290,9.42751,42.5539,ltfACM
Bormes-les-Mimosas,83230,6.33333,43.15,QoptNu
Bouillante,97132,16.172,-61.7263,mFHnzW
Bouin,79110,-0.016667,46.0833,jhCdaq
Bouin,85230,-2,46.9667,uyckrb
Boulogne-sur-Mer,62200,1.61667,50.7167,FsTLlx
Bourcefranc-le-Chapus,17560,0.852501,45.8473,sEzZcq
Bouzigues,34140,3.65,43.45,XNAZRe
Bracquemont,76370,1.15,49.95,YHYlCs
Brando,20222,9.47529,42.775,PxHsPH
Bras-Panon,97412,-20.9992,55.6849,wAPNOe
Bray-Dunes,59123,2.51667,51.0833,MdhbUe
Brech,56400,-2.98333,47.7167,dpuWgM
Bréhal,50290,-1.51667,48.9,KXpOZr
Brélès,29810,-4.71667,48.4833,ZckvqG
Brest,29200,-4.48333,48.4,aiCZHV
Bretignolles-sur-Mer,85470,-1.86667,46.6333,MblLii
Bretteville,50110,0.479445,49.6562,qWbvQk
Bretteville-sur-Ay,50430,-1.63333,49.2667,FKOhhg
Breuillet,17920,-1.05,45.7,YTLmiw
Breuillet,91650,2.16667,48.5667,sdeFdw
Brévands,50500,-1.18333,49.3333,wBvuVI
Bréville-sur-Mer,50290,-1.55,48.8667,fJwujV
Bricqueville-sur-Mer,50290,-1.51667,48.9167,kAbBOc
Brignogan-Plage,29890,-4.31667,48.6667,DzHPvZ
Brucheville,50480,-1.2,49.3667,TeqiHC
Cabourg,14390,0.133333,49.2833,LgQtgN
Cagnano,20228,9.42973,42.8753,Oljqdx
Cagnes-sur-Mer,6800,7.15,43.6667,aLFqmw
Calais,62100,1.83333,50.95,KtBFgz
Calcatoggio,20111,8.76723,42.0284,kwuXMM
Calenzana,20214,8.85529,42.5081,KAVJqy
Calvi,20260,8.75667,42.5678,ZOzQlC
Camaret-sur-Mer,29570,-4.6,48.2833,lpvQAJ
Camiers,62176,1.61667,50.5667,QeLuDJ
Canale-di-Verde,20230,9.47973,42.2745,lYxDHo
Canari,20217,9.33001,42.8456,CHPOMp
Cancale,35260,-1.85,48.6833,eFdgWR
Candillargues,34130,4.06667,43.6167,kKNmon
Canet-en-Roussillon,66140,3.00778,42.7067,FiqgNE
Cannes,6400,7.01667,43.55,ruALrs
Cap-d'Ail,6320,7.4,43.7167,HEMwqm
Capbreton,40130,-1.43333,43.6333,cjDurt
Capesterre-Belle-Eau,97130,16.0382,-61.5936,xlrmAH
Capesterre-de-Marie-Galante,97140,15.8901,-61.222,PwkJwC
Carantec,29660,-3.91667,48.6667,RMhaFv
Carcans,33121,-1.05,45.0833,CnSkJZ
Cargèse,20130,8.59473,42.1353,Wolvrq
Carnac,56340,-3.08333,47.5833,mueKCy
Carolles,50740,-1.55,48.75,TNDIep
Carqueiranne,83320,6.08333,43.0833,AdGpJS
Carry-le-Rouet,13620,5.15,43.3333,kxgubd
Casaglione,20111,8.78806,42.0678,LmaOLH
Case-Pilote,97222,14.6415,-61.1357,qLMQLk
Cassis,13260,5.53333,43.2167,mrtJtK
Castellare-di-Casinca,20213,9.47334,42.4678,hKgSTM
Caudan,56850,-3.33333,47.8167,GyJuqc
Cauville-sur-Mer,76930,0.133333,49.6,rXMziS
Cavalaire-sur-Mer,83240,6.53333,43.1667,awzRwH
Cayenne,97300,4.92215,-52.3054,ygaNvC
Cayeux-sur-Mer,80410,1.48333,50.1833,vqiuWM
Céaux,50220,-1.38333,48.6333,NnmtNY
Centuri,20238,9.36918,42.9603,xflLZN
Cerbère,66290,3.16667,42.45,hxzwRE
Cervione,20221,9.49168,42.3317,NaMqlQ
Chaillevette,17890,-1.05,45.7333,gPlnWc
Champagné-les-Marais,85450,-1.13333,46.3667,reYaFf
Champeaux,35500,-1.31667,48.15,vOijHy
Champeaux,50530,-1.53333,48.7333,ssPSWq
Champeaux,61120,0.133333,48.9,iaWaPG
Champeaux,77720,2.8,48.5833,HbwsjR
Charron,17230,-1.1,46.2833,roUJiZ
Charron,23700,2.56667,46.0667,eCbCVS
Château-d'Olonne,85180,-1.73333,46.5,qnDSuQ
Châteauneuf-les-Martigues,13220,5.16667,43.3833,xMKEsi
Châtelaillon-Plage,17340,-1.08333,46.0667,Gcgolf
Cherbourg-Octeville,50100,-1.65,49.65,LQEHwW
Cherrueix,35120,-1.7,48.6,QDDOcS
Ciboure,64500,-1.66667,43.3833,fAzDfO
Cléden-Cap-Sizun,29770,-4.65,48.05,XcrSQP
Cléder,29233,-4.1,48.6667,ddFjuD
Clohars-Carnoët,29360,-3.58333,47.8,PZTFDF
Coggia,20160,8.7489,42.1231,ikVDsL
Cogolin,83310,6.53333,43.25,hraSJh
Colleville-Montgomery,14880,-0.3,49.2833,PbRGWf
Colleville-sur-Mer,14710,-0.85,49.35,FhEkhv
Collioure,66190,3.08333,42.5167,UQKvnJ
Combrit,29120,-4.15,47.8833,fTqKpp
Commes,14520,-0.733333,49.3333,tfXFyu
Conca,20135,9.33334,41.735,KGMdQr
Concarneau,29900,-3.91667,47.8667,jJPabg
Conchil-le-Temple,62180,1.66667,50.3667,DhWAKM
Corbara,20220,8.90667,42.6145,dIqEFx
Cosqueville,50330,-1.4,49.7,IyWBWU
Coti-Chiavari,20138,8.77112,41.7725,EQQfqW
Coudeville-sur-Mer,50290,-1.51667,48.8833,tFdpQd
Courseulles-sur-Mer,14470,-0.45,49.3333,KqFdLh
Courtils,50220,-1.43333,48.6333,GFGVXS
Crach,56950,-3.00833,47.6167,djcXXn
Crasville,27400,1.08333,49.2167,qGHSkg
Crasville,50630,-1.33333,49.55,wnQJPw
Créances,50710,-1.56667,49.2,ERjGAH
Créhen,22130,-2.21667,48.55,MOTTMV
Cricqueville-en-Bessin,14450,-1,49.3833,aiOzUm
Criel-sur-Mer,76910,1.31667,50.0167,rnQnBN
Criquebeuf-en-Caux,76111,0.333333,49.7333,zNDczz
Crozon,29160,-4.48333,48.25,pKywmt
Cucq,62780,1.61667,50.4833,ManUaL
Damgan,56750,-2.58333,47.5167,EpItlm
Dannes,62187,1.6,50.5833,JgqVSd
Daoulas,29460,-4.25,48.3667,lCePEo
Deauville,14800,0.075277,49.36,pPcDrw
Denneville,50580,-1.65,49.3167,FGTnxc
Deshaies,97126,16.3095,-61.7922,GPOuQB
Dieppe,76200,1.08333,49.9333,KMOqhJ
Digosville,50110,-1.53333,49.6333,IffUtr
Digulleville,50440,-1.86667,49.7,VqLQtk
Dinard,35800,-2.06667,48.6333,RFXPPo
Dinéault,29150,-4.16667,48.2167,qKmyox
Dirinon,29460,-4.26667,48.4,IMetXi
Dives-sur-Mer,14160,-0.1,49.2833,bQlXDg
Dolus-d'Oléron,17550,0.739168,45.9112,RebhGg
Donville-les-Bains,50350,-1.56667,48.85,qwlxfs
Douarnenez,29100,-4.33333,48.1,lZQKOn
Dragey-Ronthon,50530,0.502779,48.7117,QuDjNH
Ducos,97224,14.5741,-60.9849,dlonKE
Dunkerque,59140,2.36667,51.05,GDKbvT
Elne,66200,2.96667,42.6,hDAKxi
Englesqueville-la-Percée,14710,-0.95,49.3833,AGVesH
Ensuès-la-Redonne,13820,5.2,43.35,ewJEDh
Erdeven,56410,-3.15,47.6333,ODPyZk
Erquy,22430,-2.46667,48.6333,qxvhYh
Ersa,20275,9.38001,42.975,aPYLyE
Escalles,62179,1.71667,50.9167,gslMsv
Esnandes,17137,-1.08333,46.25,QuCsFh
Esquibien,29770,-4.56667,48.0167,NztRFi
Farinole,20253,9.36556,42.7323,SwUvjR
Fatouville-Grestain,27210,0.333333,49.4,MRDoZr
Favières,28170,1.23333,48.5333,YOjgvI
Favières,54115,5.95,48.4667,hrdJPV
Favières,77220,2.78333,48.7667,bJsgJp
Favières,80120,1.66667,50.2333,eZIvxJ
Fécamp,76400,0.366667,49.75,WhuKJj
Fermanville,50840,-1.45,49.6833,RFbQWF
Figari,20114,9.12945,41.4881,csURLe
Fitou,11510,2.98333,42.9,DEHwKF
Flamanville,50340,-1.86667,49.5333,RvAVvs
Flamanville,76970,0.833333,49.6333,bzhqfS
Fleury,2600,3.15639,49.2581,lntxws
Fleury,11560,3.135,43.2284,SvhSht
Fleury,50800,-1.28333,48.85,skHEuu
Fleury,57420,6.2,49.0333,eyikOX
Fleury,60240,1.96667,49.25,OdfJXy
Fleury,62134,2.25,50.4167,QQsxkR
Fleury,80160,2.11667,49.75,DKmuIB
Flocques,76260,1.36667,50.0333,jNytHG
Fontenay-sur-Mer,50310,-1.31667,49.4833,EEjzai
Fort-de-France,97234,14.627,-61.0732,rTPPwS
Fort-Mahon-Plage,80790,1.56972,50.3419,UeUabF
Fos-sur-Mer,13270,4.95,43.4333,fdNZKW
Foucarville,50480,-1.25,49.45,ZkwbpS
Fouesnant,29170,-4.01667,47.9,JofKFr
Fouras,17450,-1.1,45.9833,OEqyHY
Fréhel,22240,1.63389,48.6281,EWbopO
Fréjus,83600,6.73611,43.4339,EgToDz
Frontignan,34110,3.75,43.45,SojvCy
Furiani,20600,9.41445,42.6581,laMDJD
Galéria,20245,8.64862,42.4095,xSUGPb
Gassin,83580,6.58333,43.2167,ELamSg
Gastes,40160,-1.15,44.3333,vnKMdc
Gatteville-le-Phare,50760,-1.28333,49.6833,uTqksh
Gâvres,56290,-3.35,47.6833,oMUzFG
Geffosses,50560,-1.55,49.1333,WArKfN
Géfosse-Fontenay,14230,-1.08333,49.3667,pispUJ
Genêts,50530,-1.48333,48.6833,XlcmQq
Ghisonaccia,20240,9.40501,42.0164,nkpJRB
Ghyvelde,59254,2.53333,51.05,TNpJgl
Glatigny,50250,-1.63333,49.2833,PyAZEH
Glatigny,57530,6.33333,49.15,WlvSJT
Glatigny,60650,1.9,49.5,hwIikq
Gonfreville-l'Orcher,76700,0.233333,49.5,DfNLiK
Gonneville-sur-Mer,14510,-0.033333,49.2833,JnIjVX
Gouberville,50330,-1.31667,49.6833,LmeTZX
Goulien,29770,-4.6,48.05,Fvxodo
Goulven,29890,-4.3,48.6333,zrFBNi
Gourbeyre,97113,15.9952,-61.7078,VLIEQf
Gouville-sur-Mer,50560,-1.58333,49.1,tOzizu
Goyave,97128,16.1335,-61.5766,DjThrw
Grand-Bourg,97112,15.8828,-61.3157,BsjdgN
Grand-Fort-Philippe,59153,2.10833,51,IpSjyx
Grand'Rivière,97218,14.8732,-61.1797,WHSVKH
Grandcamp-Maisy,14450,0.95889,49.3876,Mwflbz
Grande-Synthe,59760,2.28333,51.0167,zwuHcB
Granville,50400,-1.6,48.8333,ezceQn
Gravelines,59820,2.125,50.9833,fqXIaL
Grayan-et-l'Hôpital,33590,-1.08333,45.4417,ShbeXb
Graye-sur-Mer,14470,-0.466667,49.3333,kjngiy
Gréville-Hague,50440,-1.8,49.6667,RPgnwd
Grimaud,83310,6.51667,43.2667,hsSQdG
Groffliers,62600,1.61667,50.3833,birZUa
Groix,56590,-3.46667,47.6333,JYBOre
Grosseto-Prugna,20128,8.96362,41.8714,iybYyb
Grues,85580,-1.3,46.3833,hQdMXH
Gruissan,11430,3.08333,43.1,irMjtK
Guérande,44350,-2.43333,47.3333,YPwXVx
Guéthary,64210,-1.6,43.4167,Tfvaif
Guidel,56520,2.51139,47.7906,qvtsDF
Guilvinec,29730,3.71611,47.7953,qPQMif
Guimaëc,29620,-3.7,48.6667,UgkpYu
Guipavas,29490,-4.4,48.4333,baVNeM
Guissény,29880,-4.41667,48.6333,QQNrto
Gujan-Mestras,33470,-1.06667,44.6333,PqqOby
Hanvec,29460,-4.16667,48.3333,RPGZDh
Hauteville-sur-Mer,50590,-1.53333,48.9833,PumJVH
Hautot-sur-Mer,76550,1.03333,49.9,SzJThe
Héauville,50340,-1.8,49.5833,YigWWL
Hendaye,64700,-1.775,43.3583,hymjqV
Henvic,29670,-3.93333,48.6333,DcxVJd
Hermanville-sur-Mer,14880,-0.316667,49.2833,rktKHW
Herqueville,27430,1.26667,49.25,qttPOx
Herqueville,50440,-1.88333,49.6667,alAKZU
Heugueville-sur-Sienne,50200,-1.51667,49.0333,vaMpUY
Heuqueville,27700,1.33333,49.2833,XGWHFe
Heuqueville,76280,0.148889,49.6156,DdIxRD
Hiers-Brouage,17320,-1.06667,45.85,vFHkvU
Hillion,22120,-2.68333,48.5167,LqLXnL
Hirel,35120,-1.8,48.6,HXQhJS
Honfleur,14600,0.233333,49.4167,TGnGEG
Hôpital-Camfrout,29460,-4.23333,48.3333,aLHIzK
Houlgate,14510,-0.066667,49.3,SZlQxA
Hourtin,33990,-1.06667,45.2,vqWUqF
Huisnes-sur-Mer,50170,-1.45,48.6,tVHcTP
Hyères,83400,6.11667,43.1167,PkuHsr
Ingouville,76460,0.683333,49.8333,hbcvpz
Iracoubo,97350,5.47912,-53.2076,aSJskq
Istres,13118,4.98333,43.5167,DrjKxm
Jard-sur-Mer,85520,-1.58333,46.4167,ftMudF
Jobourg,50440,-1.90375,49.6833,bUTPIQ
Jullouville,50610,0.434168,48.7748,VEnvXi
Kerbors,22610,-3.18333,48.8333,TWaEdh
Kerlaz,29100,-4.26667,48.0833,FfTZBT
Kerlouan,29890,-4.36667,48.65,myybtS
Kervignac,56700,-3.23333,47.7667,cgleyo
Kourou,97310,1.1900,-52.6456,EXVhaV
L'Aiguillon-sur-Mer,85460,-1.3,46.3333,qpohwP
L'Houmeau,17137,-1.16667,46.1833,HSnOUb
La Barre-de-Monts,85550,-2.13333,46.8833,CupKox
La Baule-Escoublac,44500,-2.36667,47.3,jALQCG
La Bernerie-en-Retz,44760,-2.03333,47.0833,OFVSID
La Brée-les-Bains,17840,-1.35,46.0167,bkHEOT
La Ciotat,13600,5.6,43.1667,CQxUNQ
La Couarde-sur-Mer,17670,-1.4,46.2,ZSdXPs
La Croix-Valmer,83420,6.56667,43.2,hyzQfI
La Faute-sur-Mer,85460,-1.31667,46.3167,Lghhiv
La Flotte,17630,-1.33333,46.1833,lMKHsH
La Forest-Landerneau,29800,-4.31667,48.4333,JZazuk
La Forêt-Fouesnant,29940,-3.98333,47.9167,VaeVTN
La Garde,4120,6.55,43.8333,lAouvU
La Garde,38520,6.04584,45.0689,kRzQhv
La Garde,83130,6.01056,43.1248,hSqphO
La Grande-Motte,34280,4.08333,43.5667,yqYGEz
La Guérinière,85680,-2.23333,46.9667,QhhvMy
La Londe-les-Maures,83250,6.23333,43.1333,UahAgG
La Palme,11480,2.99306,42.9748,bZLVeQ
La Plaine-sur-Mer,44770,-2.16667,47.1333,ekOBUr
La Poterie-Cap-d'Antifer,76280,0.183333,49.6667,wahvWS
La Richardais,35780,-2.03333,48.6,aaJBVK
La Rivière-Saint-Sauveur,14600,0.266667,49.4167,znKxxQ
La Rochelle,17000,-1.15,46.1667,nQYGtJ
La Rochelle,70120,5.73333,47.75,wnkxVO
La Seyne-sur-Mer,83500,5.88333,43.1,wtewbB
La Teste-de-Buch,33260,-1.13704,44.6343,WWogWq
La Tranche-sur-Mer,85360,-1.43333,46.3333,oyjbUP
La Tremblade,17390,-1.13333,45.7667,tUAobX
La Trinité,6340,7.31667,43.75,VSJvhQ
La Trinité,27930,1.23333,48.9917,GYaguH
La Trinité,50800,-1.23333,48.7833,JDETkI
La Trinité,73110,6.15,45.5,KrtFjW
La Trinité-sur-Mer,56470,-3.03333,47.5833,LruDPK
La Turballe,44420,-2.51667,47.35,IkFhiO
La Vicomté-sur-Rance,22690,-1.98333,48.5,ZLtNsS
La Ville-ès-Nonais,35430,-1.95,48.55,UWigFE
Labenne,40530,-1.41667,43.6,hFPkUW
Lacanau,33680,-1.079,44.9833,OlIdlH
Lamentin,97129,16.2713,-61.6338,fNdZTx
Lamentin,97232,14.6191,-60.9946,YqkzbN
Lampaul-Plouarzel,29810,-4.76667,48.45,FqIInO
Lampaul-Ploudalmézeau,29830,-4.65,48.5667,nHcNvS
Lanchères,80230,1.55,50.1667,BdeajV
Lancieux,22770,-2.15,48.6167,GjHDgN
Landaul,56690,-3.06667,47.75,ppnKZC
Landéda,29870,-4.56667,48.5833,bkQwWr
Landerneau,29800,-4.25,48.45,ZCxrWA
Landévant,56690,-3.11667,47.7667,pDzSqM
Landévennec,29560,-4.26667,48.3,EnvhnP
Landunvez,29840,-4.73333,48.5333,nHnARS
Lanester,56600,-3.35,47.75,vRuJcQ
Langrolay-sur-Rance,22490,1.9975,48.5542,UItiSx
Langrune-sur-Mer,14830,-0.366667,49.3167,EsbDPK
Langueux,22360,-2.71667,48.5,rQYmsu
Lanildut,29840,-4.75,48.4833,VaZbkG
Lanmodez,22610,-3.1,48.85,rgXAIJ
Lannilis,29870,-4.51667,48.5667,WwzHai
Lannion,22300,-3.46667,48.7333,EMpLls
Lansargues,34130,4.06667,43.65,WIzUCs
Lanton,33138,-1.03333,44.7,ctEMxB
Lanvéoc,29160,-4.46667,48.2833,IyEBkU
Larmor-Baden,56870,-2.9,47.5833,WkfXef
Larmor-Plage,56260,-3.38333,47.7,SlwKLh
Lattes,34970,3.9,43.5667,PcnpVc
Le Barcarès,66420,3.03333,42.7833,cfbHGL
Le Bois-Plage-en-Ré,17580,-1.38333,46.1833,GuWDjO
Le Château-d'Oléron,17480,-1.2,45.9,RzVNJu
Le Conquet,29217,-4.76667,48.3667,RNEptY
Le Croisic,44490,-2.51667,47.3,SCavJR
Le Crotoy,80550,1.61667,50.2167,DCblMe
Le Faou,29590,-4.18333,48.3,hAlLdQ
Le Fenouiller,85800,-1.91667,46.7167,zfWbqY
Le Grand-Village-Plage,17370,0.763334,45.86,JmAORk
Le Grau-du-Roi,30240,4.14167,43.5333,JMwhas
Le Gua,17600,-0.95,45.7333,qpJAAU
Le Gua,38450,5.61667,45.0167,oUmIZn
Le Havre,76600,0.133333,49.5,mGZVJX
Le Hézo,,-2.7,47.5833,iJhJLP
Le Lavandou,83980,6.36667,43.1333,POaNWj
Le Minihic-sur-Rance,35870,-2.01667,48.5833,HPjMOL
Le Mont-Saint-Michel,50170,0.489723,48.6359,HQQSZe
Le Palais,56360,-3.15,47.35,oekfRC
Le Porge,33680,-1.091,44.8667,dyItto
Le Port,9320,1.36667,42.8667,iXHfEP
Le Portel,62480,1.56667,50.7,QzSnOo
Le Pouliguen,44510,-2.43333,47.2667,lwFAdM
Le Pradet,83220,6.01667,43.1,GjCKoH
Le Relecq-Kerhuon,29480,-4.4,48.4,NKCJux
Le Rove,13740,5.25,43.3667,vQMaRT
Le Rozel,50340,-1.83333,49.4833,rKVyTp
Le Teich,33470,-1.01667,44.6333,eBuzDk
Le Tilleul,76790,0.2,49.6833,scRTTI
Le Touquet-Paris-Plage,62520,1.58333,50.5167,hSOrHr
Le Tour-du-Parc,56370,-2.65,47.5167,pXuDxc
Le Tréport,76470,1.36667,50.0667,fenTXA
Le Val-Saint-Père,50300,-1.35,48.6667,ltCVLB
Le Verdon-sur-Mer,33123,-1.06667,45.5417,ioBlws
Le Vivier-sur-Mer,35960,-1.78333,48.6,cVkTyu
Lecci,20137,9.31751,41.6792,wwnSgl
Leffrinckoucke,59495,2.46667,51.0333,tRHNKv
Lège-Cap-Ferret,33950,0.853612,44.7931,IRleTZ
Les Anses-d'Arlet,97217,-61.0806,14.4906,qgtMjx
Lessay,50430,-1.53333,49.2167,ijDcsD
Lestre,50310,-1.33333,49.5167,PBMMIZ
Leucate,11370,3.03333,42.9167,iiClRC
Lézardrieux,22740,-3.1,48.7667,AijEHH
Lingreville,50660,-1.53333,48.95,FEVMce
Linguizzetta,20230,9.47306,42.2639,LkANuN
Lion-sur-Mer,14780,-0.316667,49.3,IMsMDh
Lit-et-Mixe,40170,-1.25,44.0333,ONjLoX
Locmaria,56360,-3.08333,47.2917,HKOASS
Locmaria-Plouzané,29280,3.35639,48.3748,eQONTI
Locmariaquer,56740,-2.95,47.5667,bDiYqI
Locmiquélic,56570,-3.35,47.7167,QnIQbG
Locoal-Mendon,56550,-3.1,47.7167,ZaGLuo
Locquénolé,29670,-3.86667,48.6167,PXODFl
Locquirec,29241,-3.65,48.7,fwOwrQ
Loctudy,29750,-4.16667,47.8333,LumLDM
Logonna-Daoulas,29460,-4.3,48.3167,ZALvXi
Loix,17111,-1.43794,46.2235,gwpgJF
Longeville-sur-Mer,85560,0.510557,46.4245,vQzlhz
Longues-sur-Mer,14400,-0.7,49.3333,xySjKW
Loon-Plage,59279,2.21667,50.9833,YEkDZx
Loperhet,29470,-4.3,48.3833,xIORmL
Lorient,56100,-3.36667,47.75,zqvkKD
Louannec,22700,-3.41667,48.8,pBQDLI
Loupian,34140,3.61667,43.45,jpZuAT
Louvières,14710,-0.916667,49.3667,rjSXfN
Louvières,52800,5.28333,48.0333,DRKaye
Luc-sur-Mer,14530,-0.35,49.3,ZmHEfK
Lucciana,20290,9.41723,42.5459,iujnyr
Lumio,20260,8.83334,42.5784,SafRlI
Luri,20228,9.40529,42.8967,xKvoqO
Macouba,97218,14.877,-61.1398,aXxUgJ
Mana,97360,5.6683,-53.7782,GfGGJR
Mandelieu-la-Napoule,6210,6.93333,43.55,NmJAXm
Manneville-ès-Plains,76460,0.75,49.85,YnssTr
Manvieux,14117,-0.65,49.3333,CirHUa
Marcey-les-Grèves,50300,-1.38333,48.7,qcBHRi
Marck,62730,1.95,50.95,wYOWmW
Marennes,17320,-1.11667,45.8167,ulRlYJ
Marennes,69970,4.9,45.6167,yectTL
Marignane,13700,5.21667,43.4167,GdQzxX
Marseillan,32170,0.316667,43.4833,sdZdJS
Marseillan,34340,3.53333,43.35,JtjePI
Marseillan,65350,0.216667,43.3,DseZjo
Marseille,13001,5.37639,43.2967,vrOSbF
Marsillargues,34590,4.18333,43.6667,LsGDsm
Marsilly,17137,-1.11667,46.2333,OEJaNM
Marsilly,57530,6.3,49.1,Ayphwy
Martigues,13117,05.05,43.4,XcmRbJ
Matignon,22550,-2.3,48.6,wOkNeJ
Matoury,97351,4.84806,-52.3329,JAKXOp
Mauguio,34130,4.01667,43.6167,KzUzqL
Maupertus-sur-Mer,50330,-1.48333,49.6667,WKxuir
Menton,6500,7.5,43.7833,vDvBRd
Meria,20287,9.45279,42.927,CRPYVv
Merlevenez,56700,-3.23333,47.7333,gqBMrJ
Merlimont,62155,1.61667,50.45,LxnMCB
Mers-les-Bains,80350,1.38333,50.0667,GQfhny
Merville-Franceville-Plage,14810,-0.203333,49.2781,AxsoFG
Mesquer,44420,-2.45,47.4,qbYFcn
Messanges,21220,4.8725,47.1623,FCVgCZ
Messanges,40660,-1.38333,43.8167,mYyWyL
Meuvaines,14960,-0.566667,49.3333,CODYgT
Mèze,34140,3.6,43.4167,olzCnH
Mimizan,40200,-1.23333,44.2,dumLLk
Miramas,13140,5,43.5833,BuYMJC
Mireval,34110,3.8,43.5,JxBVXa
Moëlan-sur-Mer,29350,-3.63333,47.8167,YwTcct
Moëze,17780,-1.03333,45.9,jpExBc
Moliets-et-Maa,40660,-1.35,43.85,cjQMzA
Monacia-d'Aullène,20171,9.01168,41.5134,HBxoAV
Mont-Dol,35120,-1.76667,48.5667,yoctso
Montchaton,50660,-1.5,49.0167,msoqho
Montfarville,50760,-1.26667,49.65,tTtifa
Monticello,20220,8.9539,42.6173,erfDWr
Montmartin-sur-Mer,50590,-1.51667,48.9833,MAjKfM
Morieux,22400,-2.6,48.5167,zJMOfF
Morlaix,29600,-3.83333,48.5833,WCvRXP
Mornac-sur-Seudre,17113,-1.03333,45.7167,IqasRu
Morne-à-l'Eau,97111,16.3257,-61.4403,FCwMxs
Morsalines,50630,-1.3,49.5667,lkUkhx
Morsiglia,20238,9.36445,42.9456,MZWDyQ
Muzillac,56190,-2.48333,47.55,LwOEEO
Narbonne,11100,3,43.1833,yhaSuP
Naujac-sur-Mer,33990,-1.03333,45.25,YhPVyp
Neufchâtel-Hardelot,62152,1.63333,50.6167,dXdMqt
Névez,29920,-3.78333,47.8167,uOkjfq
Néville-sur-Mer,50330,-1.33333,49.6833,ynXODX
Nice,6000,7.25,43.7,bggXlF
Nieul-sur-Mer,17137,-1.16667,46.2,CgoDBy
Nieulle-sur-Seudre,17600,-0.983333,45.75,ApenJm
Nonza,20217,9.34445,42.7848,kcTedJ
Nostang,56690,-3.18333,47.75,GsxzuO
Notre-Dame-de-Monts,85690,-2.15,46.8333,HJkxvE
Noyalo,56450,-2.68333,47.6167,WchnnE
Noyelles-sur-Mer,80860,1.71667,50.1833,UKtvOw
Occhiatana,20226,9.1989,42.5742,Mwdybw
Octeville-sur-Mer,76930,0.116667,49.55,hltcox
Ogliastro,20217,9.3364,42.8098,sUURBA
Ollioules,83190,5.85,43.1333,SUyaOl
Olmeta-di-Capocorso,20217,9.3714,42.7687,ZWCzPX
Olmeto,20113,8.91834,41.7173,rQjtly
Olonne-sur-Mer,85340,-1.78333,46.5333,QHdNsi
Omonville-la-Petite,50440,-1.88333,49.7,duKrmU
Omonville-la-Rogue,50440,-1.85,49.7,ozVMiX
Ondres,40440,-1.43333,43.5667,VrrLgv
Osani,20147,8.63223,42.3234,ouTrLN
Ota,20150,8.74362,42.2581,mJOoUd
Ouanary,97380,4.20913,-51.6716,yFwCLz
Oudalle,76430,0.3,49.5,HvdcOR
Ouessant,29242,-5.09555,48.4581,UyjHai
Ouistreham,14150,-0.25,49.2833,xszYzz
Oye-Plage,62215,02.05,50.9833,xaZaTI
Paimpol,22500,-3.05,48.7667,TUybbU
Palasca,20226,9.04279,42.5892,DRgfhm
Palavas-les-Flots,34250,3.93333,43.5333,IALfSx
Paluel,76450,0.633333,49.8333,AFLbFX
Parentis-en-Born,40160,-1.06667,44.35,ZZAJTU
Partinello,20147,8.68251,42.312,VugBZn
Patrimonio,20253,9.36195,42.6975,BVIyqD
Pendé,80230,1.58333,50.1667,AxezFB
Pénestin,56760,-2.48333,47.4833,auOuVX
Penly,76630,1.23333,49.9833,hsvzyx
Penmarch,29760,3.66223,47.8123,MKzhtO
Pennedepie,14600,0.183333,49.4167,WEDtnL
Penta-di-Casinca,20213,9.45973,42.4675,McRqfM
Penvénan,22710,-3.36667,48.8333,EAFRsE
Pérols,34470,3.95,43.5667,kUGKhg
Perros-Guirec,22700,-3.45,48.8167,VJiQlb
Petit-Bourg,97170,16.1878,-61.5899,suOKFH
Petit-Canal,97131,16.3879,-61.4534,aAAGcQ
Peyriac-de-Mer,11440,2.96667,43.0833,zERyhz
Piana,20115,8.6364,42.2392,xGHesN
Pianottoli-Caldarello,20131,9.05612,41.4942,AWvFVk
Pietracorbara,20233,9.42973,42.8464,iHZtFS
Pietrosella,20166,8.84612,41.8367,HeeSdP
Pino,20228,9.3514,42.9081,ZcmcHJ
Piriac-sur-Mer,44420,-2.55,47.3833,ikFhTs
Pirou,50770,-1.58333,49.1833,JZujSh
Planguenoual,22400,-2.58333,48.5333,NzLvRl
Pléboulle,22550,-2.33333,48.6167,ryIcaS
Pléneuf-Val-André,22370,-2.55,48.6,rKTlEk
Plérin,22190,-2.78333,48.5333,bElbjV
Plestin-les-Grèves,22310,-3.63333,48.65,lBgVyy
Pleubian,22610,-3.13333,48.85,oLyVDZ
Pleudaniel,22740,-3.13333,48.7667,jpFIMJ
Pleudihen-sur-Rance,22690,0.0480566,48.5109,ScVaFz
Pleumeur-Bodou,22560,-3.51667,48.7667,GstPmB
Pleurtuit,35730,-2.06667,48.5833,tzQoXv
Plévenon,22240,-2.33333,48.6667,RrUGFB
Plobannalec-Lesconil,29740,-4.21667,47.8167,kdSddn
Ploemeur,56270,-3.43333,47.7333,zqMfGi
Ploéven,29550,-4.23333,48.15,xriGoz
Plogoff,29770,-4.66667,48.0333,geGKAn
Plomeur,29120,-4.28333,47.8333,lppzAw
Plomodiern,29550,-4.23333,48.1833,xTbUft
Plonévez-Porzay,29550,-4.21667,48.1,BFkfZv
Plouarzel,29810,-4.73333,48.4333,tBqFoi
Ploubalay,22770,-2.15,48.5833,HMPmPE
Ploubazlanec,22620,-3.03333,48.8,ougEWB
Ploudalmézeau,29830,-4.65,48.5333,lCrDpK
Plouénan,29420,-4,48.6333,bAuTrg
Plouër-sur-Rance,22490,-2,48.5333,IniSep
Plouescat,29430,-4.16667,48.6667,zgmNwt
Plouézec,22470,-2.98333,48.75,XjuVsU
Plouezoc'h,29252,2.17778,48.64,amJhUB
Plougasnou,29630,-3.8,48.7,OWnxNF
Plougastel-Daoulas,29470,-4.36667,48.3667,TYWpXC
Plougonvelin,29217,-4.71667,48.35,ajICrM
Plougoulm,29250,-4.05,48.6667,RnCfPf
Plougoumelen,56400,-2.93333,47.65,POGhBh
Plougrescant,22820,-3.23333,48.85,SCQQCr
Plouguerneau,29880,-4.5,48.6,czyqkM
Plouguiel,22220,-3.23333,48.8,aqUxVT
Plouguin,29830,-4.6,48.5333,ZuUIIp
Plouha,22580,-2.93333,48.6833,ndwuMV
Plouharnel,56340,-3.11667,47.6,xhImyc
Plouhinec,29780,3.51389,48.015,XVYNYg
Plouhinec,56680,2.74889,47.6975,IxcPOK
Plouider,29260,-4.3,48.6167,UGZUzF
Ploulec'h,22300,2.49556,48.7181,RTKZjO
Ploumilliau,22300,-3.51667,48.6833,jamieb
Ploumoguer,29810,-4.71667,48.4,NOqzMb
Plounéour-Trez,29890,-4.31667,48.65,OXJBHp
Plounévez-Lochrist,29430,-4.21667,48.6167,ZGWUJI
Plourivo,22860,-3.06667,48.75,evUAxx
Plouvien,29860,-4.45,48.5333,ipWJRe
Plouzané,29280,-4.61667,48.3833,HlYEVB
Plovan,29720,-4.36667,47.9167,SNhnoy
Plozévet,29710,-4.41667,47.9833,rXlvVp
Pluneret,56400,-2.96667,47.6833,miOcWQ
Plurien,22240,-2.4,48.6333,KhUkJb
Poggio-Mezzana,20230,9.49501,42.3981,KhcCOj
Pointe-à-Pitre,97110,16.2409,-61.5353,jFRgNB
Pointe-Noire,97116,16.2317,-61.7893,qFxnfz
Pont-Aven,29930,-3.75,47.85,SOryTr
Pont-Croix,29790,-4.05,48.5,IAxUdL
Pont-l'Abbé,29120,-4.21667,47.8667,KwruLv
Pontaubault,50220,-1.35,48.6333,evCTCo
Ponthoile,80860,1.71667,50.2167,SskONj
Pontorson,50170,-1.51667,48.55,CgexxN
Pordic,22590,-2.81667,48.5833,cZCMAE
Pornic,44210,-2.1,47.1167,ZjVAmY
Pornichet,44380,-2.35,47.25,GnIzLX
Porspoder,29840,-4.76667,48.5,YRYVqu
Port-de-Bouc,13110,4.98333,43.4,fJIlkQ
Port-des-Barques,17730,0.92139,45.9475,HNitRd
Port-en-Bessin-Huppain,14520,-0.75,49.35,AySHBO
Port-la-Nouvelle,11210,03.05,43.0167,XoiMfP
Port-Louis,56290,-3.35,47.7167,eQjODF
Port-Louis,97117,16.4272,-61.5106,RoKIrX
Port-Saint-Louis-du-Rhône,13230,4.8,43.3833,YBWGwS
Port-Vendres,66660,3.11667,42.5167,ZHyVgz
Portbail,50580,-1.7,49.3333,nXSdBc
Portiragnes,34420,3.33333,43.3,vXMWdX
Porto-Vecchio,20137,9.27973,41.5909,kTxSQU
Pouldreuzic,29710,-4.36667,47.95,rJxdCU
Poullan-sur-Mer,29100,-4.41667,48.0833,acOgvQ
Poussan,34560,3.66667,43.4833,jQEVhJ
Préfailles,44770,-2.21667,47.1333,yIlUKs
Primelin,29770,-4.61667,48.0167,ENEOTw
Propriano,20110,8.90417,41.675,HHmoJh
Prunelli-di-Fiumorbo,20243,9.32473,42.0106,mkuTSb
Puyravault,17700,-0.8,46.1333,IkWydO
Puyravault,85450,-1.08333,46.3667,NAJHRb
Quend,80120,1.63333,50.3167,SVnqAv
Querqueville,50460,-1.7,49.6667,eYgXXc
Quettehou,50630,-1.3,49.6,ODniJb
Quéven,56530,-3.41667,47.7833,vSovEx
Quiberon,56170,-3.11667,47.4833,Dapjfp
Quiberville,76860,0.916667,49.9,cVGvOR
Quinéville,50310,-1.3,49.5167,lNPqYW
Ramatuelle,83350,6.61667,43.2167,YLfdqa
Ranville,14860,-0.25,49.2333,qABpLa
Ravenoville,50480,-1.26667,49.4667,HIriIi
Rayol-Canadel-sur-Mer,83820,6.46167,43.1587,OsvwVf
Régina,97390,4.31125,-52.1328,HymaSP
Regnéville-sur-Mer,50590,-1.55,49.0167,KMEoLR
Remire-Montjoly,97354,4.91396,-52.2738,RFqYEP
Réthoville,50330,-1.35,49.7,NIDMvF
Réville,50760,-1.25,49.6167,AcyuYC
Riantec,56670,-3.31667,47.7167,FoCALU
Riec-sur-Belon,29340,-3.7,47.8333,AgeFKr
Rivedoux-Plage,17940,-1.26667,46.1667,zeQzrk
Rivière-Pilote,97211,14.4867,-60.9018,mXWRKn
Rivière-Salée,97215,14.5269,-60.9773,KYyxwu
Rogerville,76700,0.266667,49.5,caMxrQ
Rogliano,20247,9.41834,42.9562,oxADYp
Rognac,13340,5.23333,43.4833,ilyjxN
Roquebrune-Cap-Martin,6190,7.46667,43.7667,AvuwkB
Roquebrune-sur-Argens,83520,6.63333,43.4333,gFLsJn
Roscanvel,29570,-4.55,48.3167,mDcacb
Roscoff,29680,-3.98333,48.7333,dtlosq
Rosnoën,29590,-4.2,48.2667,sKFMlV
Roura,97352,4.57227,-52.4662,XJpxCw
Royan,17200,-1.03333,45.6333,jsQzVd
Roz-sur-Couesnon,35610,-1.6,48.5833,IyDTuO
Saint-André,31420,0.852222,43.2734,pRCsQw
Saint-André,32200,0.856389,43.5625,WcmKip
Saint-André,66690,2.96667,42.55,aHgznz
Saint-André,73500,6.61667,45.2,AwpSyC
Saint-André,81250,2.46,43.9331,bYmPux
Saint-André,97440,-20.9599,55.6539,JMwEJp
Saint-Armel,35230,-1.58333,48.0167,dpwvHl
Saint-Armel,56450,-2.71667,47.5667,ZClRhU
Saint-Aubin-sur-Mer,14750,-0.4,49.3333,IADjzj
Saint-Aubin-sur-Mer,76740,0.883333,49.8833,gdzpnz
Saint-Benoît,1300,5.58333,45.7,YUghal
Saint-Benoît,4240,6.73333,43.9667,nBJWWx
Saint-Benoît,11230,2.06667,43.0167,QLaEaN
Saint-Benoît,86280,0.333333,46.55,yRxAqE
Saint-Benoît,97470,-21.0396,55.6972,NPNghr
Saint-Benoît-des-Ondes,35114,-1.85,48.6167,eUKXqm
Saint-Brevin-les-Pins,44250,-2.16667,47.25,bokcmp
Saint-Briac-sur-Mer,35800,-2.13333,48.6333,VXSMNX
Saint-Brieuc,22000,-2.78333,48.5167,XwuEJd
Saint-Broladre,35120,-1.65,48.5833,QiOXpl
Saint-Cast-le-Guildo,22380,-2.26667,48.6333,UEJKYm
Saint-Chamas,13250,5.03333,43.55,NCJrhU
Saint-Clément-des-Baleines,17590,-1.54167,46.225,GjMSbq
Saint-Côme-de-Fresné,14960,-0.6,49.3333,yGDrqZ
Saint-Coulomb,35350,-1.9,48.6833,YkabiZ
Saint-Cyprien,19130,1.35,45.25,MUgoAn
Saint-Cyprien,24220,1.03333,44.8667,YtIaUZ
Saint-Cyprien,42160,4.23333,45.5333,FZqJXV
Saint-Cyprien,46800,1.25,44.3167,jLoTuO
Saint-Cyprien,66750,3,42.6167,bDzNNL
Saint-Cyr-sur-Mer,83270,5.71667,43.1833,qmXeME
Saint-Denis,11310,2.21667,43.3667,UBqUWm
Saint-Denis,30500,4.25,44.25,JXHtIO
Saint-Denis,89100,3.26667,48.2333,hfXayf
Saint-Denis,93200,2.35833,48.9333,QkiSuG
Saint-Denis,97490,46.7107,1.71819,sUyAhv
Saint-Denis-d'Oléron,17650,-1.38333,46.0333,JEtpaP
Saint-Florent,45600,2.47667,47.6906,eyliHr
Saint-Florent,20217,9.30251,42.6809,MnDPEd
Saint-François,97118,16.251,-61.2728,yBrKWh
Saint-Froult,17780,-1.05,45.9167,KJAnKD
Saint-Georges,15100,3.12792,45.0196,EFbKOZ
Saint-Georges,16700,0.266667,45.9667,sQwcYf
Saint-Georges,32430,0.935833,43.7278,EKGiLe
Saint-Georges,47370,0.933889,44.442,IoVksg
Saint-Georges,57830,6.93333,48.6667,XQFexG
Saint-Georges,62770,2.08333,50.35,UGbGNs
Saint-Georges,82240,1.64167,44.225,mOZdtu
Saint-Georges,97313,3.88819,-51.802,TpTrKh
Saint-Georges-d'Oléron,17190,-1.33333,45.9833,OBJrxY
Saint-Georges-de-Didonne,17110,-1,45.6,UQtZzl
Saint-Georges-de-la-Rivière,50270,0.270834,49.3642,jYuMnj
Saint-Germain-de-Varreville,50480,-1.25,49.4333,RXpKql
Saint-Germain-des-Vaux,50440,-1.92054,49.7127,LcoeUN
Saint-Germain-sur-Ay,50430,-1.6,49.2333,WXXngl
Saint-Gildas-de-Rhuys,56730,-2.83333,47.5,tKIajA
Saint-Gilles-Croix-de-Vie,85800,-1.93944,46.6983,YGComj
Saint-Hilaire-de-Riez,85270,-1.95,46.7167,BkTLwe
Saint-Hippolyte,12140,2.59167,44.7083,dOSzkR
Saint-Hippolyte,15400,2.70445,45.2242,LgOhNH
Saint-Hippolyte,17430,-0.883333,45.9167,pITUXV
Saint-Hippolyte,25190,6.81667,47.3167,raaEAU
Saint-Hippolyte,33330,-0.1,44.8833,EduCRj
Saint-Hippolyte,37600,1.1,47.05,ZsLouM
Saint-Hippolyte,66510,2.96667,42.7833,QSyDEl
Saint-Hippolyte,68590,7.36667,48.2333,MQQLnz
Saint-Jacut-de-la-Mer,22750,-2.18333,48.6,vxcMOX
Saint-Jean-Cap-Ferrat,6230,7.33333,43.6833,wrRwia
Saint-Jean-de-la-Rivière,50270,-1.7,49.3667,CpjmDW
Saint-Jean-de-Luz,64500,-1.66667,43.3833,DygZZf
Saint-Jean-de-Monts,85160,-2.06667,46.7833,EoTiiW
Saint-Jean-du-Doigt,29630,-3.76667,48.7,UIaOoC
Saint-Jean-le-Thomas,50530,-1.51667,48.7333,oOCukR
Saint-Jean-Trolimon,29120,-4.28333,47.8667,VVQrJv
Saint-Joseph,42800,4.61667,45.55,MdQLQd
Saint-Joseph,50700,-1.53333,49.5333,rzHTxa
Saint-Joseph,97212,0,0,amBoTN
Saint-Josse,62170,1.66667,50.4667,UiEodZ
Saint-Jouan-des-Guérets,35430,-1.96667,48.6,CTCmeR
Saint-Jouin-Bruneval,76280,0.166667,49.65,nDDddX
Saint-Julien-en-Born,40170,-1.23333,44.0667,CLxHfD
Saint-Just-Luzac,17320,0.962223,45.8017,AJaDRj
Saint-Laurent-d'Aigouze,30220,4.2,43.6333,zLxzzD
Saint-Laurent-de-la-Salanque,66250,2.98333,42.7667,tlEIpA
Saint-Laurent-du-Var,6700,7.18333,43.6667,jrhMPf
Saint-Laurent-sur-Mer,14710,-0.883333,49.3667,OlifXD
Saint-Léonard,32380,0.766667,43.85,ZocpsQ
Saint-Léonard,51500,4.1,49.2167,dklsBq
Saint-Léonard,62360,1.61667,50.6833,ZQZeth
Saint-Léonard,76400,0.366667,49.75,PlxYOr
Saint-Léonard,88650,6.95,48.2167,XMGnhS
Saint-Lô-d'Ourville,50580,-1.66667,49.3333,pqdkBj
Saint-Louis,57820,7.18333,48.7167,uTNrQW
Saint-Louis,68128,7.56667,47.5833,droXSv
Saint-Louis,97134,15.9543,-61.3177,KvuXyO
Saint-Lunaire,35800,-2.11667,48.6333,bdMoEx
Saint-Malo,35400,-2.01667,48.65,LtXqEp
Saint-Mandrier-sur-Mer,83430,5.93333,43.0667,slndmh
Saint-Marcouf,14330,-0.995,49.2531,JquvHP
Saint-Marcouf,50310,0.709168,49.4731,MEnOwE
Saint-Martin-aux-Buneaux,76450,0.55,49.8333,nZEKYh
Saint-Martin-de-Ré,17410,-1.36667,46.2,CcyMAf
Saint-Martin-de-Varreville,50480,-1.23333,49.4333,MkiBYM
Saint-Martin-en-Campagne,76370,1.23333,49.95,BBXDjJ
Saint-Méloir-des-Ondes,35350,-1.9,48.65,srESwn
Saint-Michel-Chef-Chef,44730,-2.15,47.1833,ZcLeOd
Saint-Michel-en-Grève,22300,-3.56667,48.6833,SDYefA
Saint-Michel-en-l'Herm,85580,-1.25,46.35,fsrRmN
Saint-Mitre-les-Remparts,13920,5.01667,43.45,iyxpLz
Saint-Nazaire,30200,4.62473,44.1978,UYIjQv
Saint-Nazaire,44600,-2.2,47.2833,zeNPgB
Saint-Nazaire,66570,2.99195,42.6675,GdvZcE
Saint-Nic,29550,-4.28333,48.2,rHiPBw
Saint-Pabu,29830,3.39723,48.5659,BcbPve
Saint-Pair-sur-Mer,50380,-1.56667,48.8167,jvXXGS
Saint-Palais-sur-Mer,17420,-1.08333,45.6333,ZrOFHD
Saint-Paul,19150,1.9,45.2167,CuRgfD
Saint-Paul,33390,-0.6,45.15,LhusYp
Saint-Paul,60650,2,49.4333,NBXDOy
Saint-Paul,61100,-0.633333,48.75,XYClLL
Saint-Paul,65150,0.505556,43.0814,SSagif
Saint-Paul,73170,5.78473,45.6775,EDKxNx
Saint-Paul,87260,1.43222,45.7503,dSLXzr
Saint-Paul,88170,5.88333,48.3333,KINlIM
Saint-Paul,97460,-21.0033,55.2833,kvVaGr
Saint-Père,35430,-1.91667,48.5833,rEKQSO
Saint-Père,58200,2.96028,47.412,EkowiP
Saint-Père,89450,3.76667,47.4667,EppuUM
Saint-Philibert,21220,5.01667,47.2,OLWAui
Saint-Philibert,56470,-3,47.5833,vkYOzJ
Saint-Pierre,6260,6.92445,43.912,JXxcqx
Saint-Pierre,15350,2.38333,45.3833,YhoMQe
Saint-Pierre,31590,1.65028,43.6314,ANnLRK
Saint-Pierre,39150,5.91667,46.5667,GOCeKW
Saint-Pierre,51510,4.25,48.95,bktJEO
Saint-Pierre,67140,7.46667,48.3833,tvRHFC
Saint-Pierre,97250,14.744,-61.1738,GsEReO
Saint-Pierre,97432,43.6566,6.87387,xLIPdn
Saint-Pierre-d'Oléron,17310,-1.31667,45.95,AILVuB
Saint-Pierre-du-Mont,14450,-0.983333,49.4,hVXYnZ
Saint-Pierre-du-Mont,40280,-0.516667,43.8833,MuLnBT
Saint-Pierre-du-Mont,58210,3.43333,47.4,zqKakr
Saint-Pierre-en-Port,76540,0.483333,49.8,cIroKm
Saint-Pierre-Quiberon,56510,-3.13333,47.5167,WAEtVo
Saint-Pol-de-Léon,29250,-3.98333,48.6833,SrSjwt
Saint-Quay-Portrieux,22410,-2.83333,48.65,HaUGvX
Saint-Quentin-en-Tourmont,80120,1.58333,50.2833,cLeYoI
Saint-Quentin-la-Motte-Croix-au-Bailly,80880,1.45195,50.0737,kHUkUu
Saint-Raphaël,24160,1.06667,45.3,PKDdBJ
Saint-Raphaël,83700,6.76667,43.4167,tMPJkI
Saint-Rémy-des-Landes,50580,-1.63333,49.2833,jSvaAG
Saint-Samson-sur-Rance,22100,-2.03333,48.5,BPYJvB
Saint-Suliac,35430,-1.96667,48.5667,HyCjsk
Saint-Sulpice-de-Royan,17200,-1.01667,45.6667,GVhFhl
Saint-Sylvain,14190,-0.216667,49.05,eFrWSx
Saint-Sylvain,19380,1.88333,45.1833,ZHKBCG
Saint-Sylvain,76460,0.666667,49.85,UNDybb
Saint-Trojan-les-Bains,17370,-1.2,45.8333,YoScCs
Saint-Tropez,83990,6.63333,43.2667,okFhte
Saint-Vaast-la-Hougue,50550,-1.26667,49.6,VEEQRh
Saint-Valery-en-Caux,76460,0.733333,49.8667,teUroU
Saint-Valery-sur-Somme,80230,1.63333,50.1833,UPhVkZ
Saint-Vigor-d'Ymonville,76430,0.366667,49.5,JjenlD
Saint-Vincent-sur-Jard,85520,-1.55,46.4167,xGqMNe
Sainte-Adresse,76310,0.083333,49.5,EzFKqW
Sainte-Anne,25270,5.98333,46.95,YqaTOk
Sainte-Anne,32430,0.966667,43.7333,qJYZcY
Sainte-Anne,41100,1.08333,47.75,kAesTv
Sainte-Anne,97180,16.2238,-61.3864,QNFgUI
Sainte-Anne,97227,14.4367,-60.8809,bJCyTl
Sainte-Eulalie-en-Born,40200,-1.18333,44.2667,FixLhF
Sainte-Hélène,33480,-0.883333,44.9667,yloTzb
Sainte-Hélène,48190,3.60278,44.5192,WoWYxN
Sainte-Hélène,56700,-3.2,47.7167,tdatNQ
Sainte-Hélène,71390,4.65,46.75,VqbEgH
Sainte-Hélène,88700,6.65,48.2833,wTXlzp
Sainte-Honorine-des-Pertes,14520,-0.8,49.35,YxgjFQ
Sainte-Luce,38970,5.91667,44.85,cDRunE
Sainte-Luce,97228,14.466,-60.9327,zpgDCA
Sainte-Marguerite-sur-Mer,76119,0.947222,49.9073,VINxwu
Sainte-Marie,5150,5.475,44.4667,wjlUuN
Sainte-Marie,8400,4.66667,49.3833,oPjzCN
Sainte-Marie,15230,2.88333,44.8667,pzxgic
Sainte-Marie,25113,6.7,47.5,RuYGup
Sainte-Marie,32200,0.874722,43.6606,lVTcJx
Sainte-Marie,35600,-2,47.7,wfxYxA
Sainte-Marie,58330,3.43333,47.1167,Mxwoil
Sainte-Marie,65370,0.621389,42.9728,xpJWsw
Sainte-Marie,66470,3.01695,42.7273,GAKxlq
Sainte-Marie,97230,14.7604,-61.0111,fibVyv
Sainte-Marie,97438,-20.8971,55.5499,IfhhXy
Sainte-Marie-de-Ré,17740,-1.3,46.15,TJeYhP
Sainte-Marie-du-Mont,38660,5.93333,45.4,IvaePw
Sainte-Marie-du-Mont,50480,-1.21667,49.3833,alhCjS
Sainte-Maxime,83120,6.63333,43.3,eapohW
Sainte-Mère-Église,50480,-1.31667,49.4167,HAsMpP
Sainte-Radégonde-des-Noyers,85450,-1.05,46.3667,Apsnco
Sainte-Rose,97115,16.3313,-61.6948,fHNHOM
Sainte-Suzanne,9130,1.38333,43.2167,CAuATI
Sainte-Suzanne,25630,6.76667,47.5,lzIkDZ
Sainte-Suzanne,53270,-0.35,48.1,jkxybS
Saintes-Maries-de-la-Mer,13460,4.425,43.45,kfmmke
Sallenelles,14121,-0.233333,49.2667,Oynueo
Salses-le-Château,66600,2.91889,42.8328,RdgJIX
San-Gavino-di-Tenda,20246,9.26751,42.5989,jekWKG
San-Giuliano,20230,9.49112,42.3145,eoAkgz
San-Martino-di-Lota,20200,9.45529,42.7231,LnnOor
San-Nicolao,20230,9.52501,42.375,cwsXlw
Sanary-sur-Mer,83110,5.8,43.1167,YgFNnt
Sandouville,76430,0.316667,49.5,OWBFNT
Sangatte,62231,1.75,50.9333,wHPDTq
Sanguinet,40460,-1.075,44.4833,Ccgwwc
Sant'Andréa-d'Orcino,20151,8.8089,42.0464,dnKqhC
Santa-Lucia-di-Moriani,20230,9.52973,42.3856,dRtQHO
Santa-Maria-di-Lota,20200,9.43306,42.747,FXbsmf
Santa-Maria-Poggio,20221,9.49529,42.3462,tSNFpm
Santec,29250,-4.03333,48.7,rdURRf
Santo-Pietro-di-Tenda,20246,9.25779,42.6053,dCGYea
Sari-Solenzara,20145,9.37334,41.835,FxbMKT
Sartène,20100,8.97362,41.6209,ytTEZW
Sarzeau,56370,-2.76667,47.5333,GtVeWn
Sassetot-le-Mauconduit,76540,0.528333,49.8037,cYryaT
Saujon,17600,-0.916667,45.6667,ZPboQn
Sausset-les-Pins,13960,5.11667,43.3333,MIfFMH
Sauzon,56360,-3.21667,47.3667,txMull
Seignosse,40510,-1.36667,43.6833,xbKJNU
Séné,56860,-2.75,47.6167,xxrKbG
Senneville-sur-Fécamp,76400,0.416667,49.7667,DXApGc
Sérignan,34410,3.28333,43.2833,TjrATg
Serra-di-Ferro,20140,8.7989,41.7298,xMzrQt
Serra-di-Fiumorbo,20243,9.33612,41.985,inuoVI
Serriera,20147,8.70834,42.3014,pYCiGq
Sète,34200,3.68333,43.4,rQifyY
Sibiril,29250,-4.06667,48.6667,mqmlTv
Sigean,11130,2.98333,43.0333,WmBSys
Sinnamary,97315,5.37686,-52.9532,pAktCt
Siouville-Hague,50340,0.160557,49.5581,ggkizU
Sisco,20233,9.43612,42.8159,VyORGW
Six-Fours-les-Plages,83140,5.83945,43.0934,GgMYGc
Solaro,20240,9.3264,41.9039,YNsimI
Soorts-Hossegor,40150,-1.4,43.6667,nkWast
Sorbo-Ocagnano,20213,9.45695,42.4756,hHoaho
Sotteville-sur-Mer,76740,0.833333,49.8833,pvDgkz
Soulac-sur-Mer,33780,-1.11667,45.5083,fGQizB
Soustons,40140,-1.31667,43.75,Uskggo
Surtainville,50270,-1.81667,49.4667,fPYPMr
Surville,14130,0.216667,49.3,SOyiku
Surville,27400,1.1,49.2,fOknwh
Surville,50250,-1.65,49.2833,avkNKi
Surzur,56450,-2.63333,47.5833,CrAJaG
Taglio-Isolaccio,20230,9.46973,42.435,wkERBR
Talasani,20230,9.48001,42.4081,SFfHDM
Tallone,20270,9.41418,42.2314,XgHDzH
Talmont-Saint-Hilaire,85440,0.381668,46.4673,ahpGFL
Tardinghen,62179,1.63333,50.8667,outApU
Tarnos,40220,-1.46667,43.5333,RcBTVK
Taulé,29670,-3.9,48.6,fAURcZ
Telgruc-sur-Mer,29560,-4.35,48.2333,DqVTTg
Terre-de-Bas,97136,15.8496,-61.6445,bOIYfy
Terre-de-Haut,97137,15.8678,-61.5825,SqmROY
Theix,56450,-2.66667,47.6333,tsaOIN
Théoule-sur-Mer,6590,6.93333,43.5,VreEbB
Tocqueville-sur-Eu,76910,1.28333,50,vchciD
Tomino,20248,9.44279,42.9459,xOaiOk
Torreilles,66440,2.98333,42.75,REJLmg
Toulon,83000-83100-83200,5.93333,43.1167,GcIRtm
Tourgéville,14800,0.066667,49.3167,CjwliC
Tourlaville,50110,-1.56667,49.6333,RWPEjI
Tourville-sur-Sienne,50200,-1.55,49.05,AHIjkN
Tracy-sur-Mer,14117,-0.65,49.3333,kWMsRK
Tréauville,50340,-1.81667,49.5167,brLLxb
Trébabu,29217,-4.73333,48.3667,jZfDjr
Trébeurden,22560,-3.56667,48.7667,asGTPY
Trédrez-Locquémeau,22300,-3.56667,48.7,AOWcMv
Tréduder,22310,-3.56667,48.65,CIMuPs
Treffiagat,29730,-4.26667,47.8167,GsnRvE
Tréflez,29430,-4.26667,48.6167,wrEAjf
Trégarvan,29560,-4.21667,48.25,AwdlfT
Trégastel,22730,2.48639,48.817,UizjWu
Tréglonou,29870,-4.53333,48.55,LnJHWH
Trégon,22650,-2.18333,48.5667,dIECju
Tréguennec,29720,-4.33333,47.8833,cXWqEQ
Trégunc,29910,-3.85,47.85,JpHyEw
Trélévern,22660,-3.36667,48.8167,tmftnM
Tréogat,29720,-4.31667,47.9167,sMGqHJ
Tréveneuc,22410,-2.86667,48.6667,iBoiSC
Trévou-Tréguignec,22660,-3.35,48.8167,yGmEQt
Triaize,85580,-1.2,46.3833,KgqODT
Trois-Rivières,97114,15.9943,-61.6323,XJERgp
Trouville-sur-Mer,14360,0.083333,49.3667,jLTlCG
Urrugne,64122,-1.7,43.3583,kDlZoW
Urville-Nacqueville,50460,-1.73333,49.6833,iAyNti
Vains,50300,-1.41667,48.6833,ZOWXnc
Vallauris,6220,07.05,43.5833,LxOlxY
Valle-di-Campoloro,20221,9.49418,42.3359,OQJnxx
Valras-Plage,34350,3.28333,43.25,HBgRah
Vannes,56000,-2.75,47.6667,GJXIIa
Varaville,14390,-0.15,49.25,xPSRzo
Varengeville-sur-Mer,76119,0.983333,49.9167,vSvdbX
Vasteville,50440,-1.76667,49.6,SWDBNr
Vattetot-sur-Mer,76111,0.283333,49.7333,CUTfFh
Vauville,14800,0.0527778,49.3123,WbehGh
Vauville,50440,0.153612,49.6376,IrjVXp
Vaux-sur-Mer,17640,-1.03333,45.65,rGDHup
Vendays-Montalivet,33930,-1.05833,45.3583,ydHKxi
Vendres,34350,3.21667,43.2667,cdBgUa
Vensac,33590,-1.04167,45.4,CrHcIK
Ventiseri,20240,9.33251,41.9425,XOTbyo
Venzolasca,20215,9.45668,42.4839,bySckM
Ver-sur-Mer,14114,-0.533333,49.3333,gfNUYJ
Veules-les-Roses,76980,0.8,49.8667,rxYDRc
Veulettes-sur-Mer,76450,0.6,49.85,ILgtpG
Vias,34450,3.41667,43.3,CbysOB
Vic-la-Gardiole,34110,3.8,43.4833,RaWELb
Vico,20160,8.7989,42.1664,wSLDbc
Vielle-Saint-Girons,40560,-1.3,43.95,emAeRq
Vierville-sur-Mer,14710,-0.9,49.3667,vcGuXM
Vieux-Boucau-les-Bains,40480,-1.4,43.7833,cpVrxo
Vieux-Fort,97141,15.9481,-61.6975,JxPKVM
Vieux-Habitants,97119,16.0535,-61.7636,QryJIL
Villanova,20167,8.66779,41.9595,IeNonB
Ville-di-Pietrabugno,20200,9.43112,42.7134,BlWRgc
Villefranche-sur-Mer,6230,7.31667,43.7,kiZDBw
Villeneuve-lès-Maguelone,34750,3.86084,43.5323,EMikBe
Villeneuve-Loubet,6270,7.11667,43.65,KLrRJc
Villers-sur-Mer,14640,-0.00638889,49.3167,gNOjvn
Villerville,14113,0.133333,49.4,xnJvLf
Vitrolles,5110,5.93333,44.4333,gzhuXv
Vitrolles,13127,5.25,43.4667,HtXRDZ
Waben,62180,1.65,50.3833,lchvJW
Wimereux,62930,1.61667,50.7667,kUSSXm
Wissant,62179,1.66667,50.8833,UgfbuG
Woignarue,80460,1.5,50.1167,evoEWK
Yffiniac,22120,-2.675,48.4833,vtfRJh
Yport,76111,0.316667,49.7333,SpJmcI
Yves,17340,-1.05,46.0167,sgxACu
Zonza,20124-20144,9.17056,41.7495,NugRuD
Zuydcoote,59123,2.5,51.0667,oAKXqi